shapeid,partid,x,y,fid,ScatterPoint
"0",,125.160277047489,32.1528801764992,"1",51
"1",,125.162744447202,32.1528065750873,"2",51
"2",,125.165338020765,32.1527855461125,"3",51
"3",,125.161486213542,32.1517130683962,"4",51
"4",,125.16027354266,32.1507667645289,"5",51
"5",,125.162832067931,32.1507527452123,"6",51
"6",,125.164037729155,32.1517551263458,"7",51
"7",,125.165334515936,32.150745735554,"8",51
"8",,125.166491109551,32.1517200780545,"9",52
"9",,125.167640693509,32.1528836813284,"10",52
"10",,125.167661722483,32.1506896582878,"11",52
"11",,125.168944489948,32.1517481166876,"12",52
"12",,125.170087064247,32.1529047103032,"13",52
"13",,125.170129122197,32.1508158321368,"14",52
"14",,125.17141889932,32.151783164979,"15",52
"15",,125.172624560543,32.1528626523535,"16",52
"16",,125.172631570202,32.150794803162,"17",52
"17",,125.173977424591,32.15186027122,"18",52
"18",,125.175330288638,32.1528205944039,"19",52
"19",,125.17532327898,32.1508508804282,"20",52
"20",,125.176753249268,32.1519163484862,"21",52
"21",,125.177909842884,32.1528626523535,"22",53
"22",,125.178050036049,32.150871909403,"23",52
"23",,125.179402900097,32.1518041939538,"24",53
"24",,125.180734735169,32.1530238744939,"25",53
"25",,125.180804831752,32.1509069576944,"26",53
"26",,125.18223480204,32.1519794354107,"27",53
"27",,125.183307279757,32.1532061256091,"28",53
"28",,125.183286250782,32.1510331315434,"29",53
"29",,125.184484902347,32.1520985996014,"30",53
"30",,125.185753650495,32.1531430386846,"31",53
"31",,125.185634486304,32.1509770542771,"32",53
"32",,125.186910244111,32.1520144837021,"33",53
"33",,125.188129924651,32.1530869614184,"34",53
"34",,125.188242079183,32.151075189493,"35",53
"35",,125.18951783699,32.1520915899431,"36",54
"36",,125.191137068051,32.1528626523535,"37",54
"37",,125.190905749328,32.1508789190613,"38",54
"38",,125.192503951415,32.1519794354107,"39",54
"39",,125.193926912046,32.1530098551773,"40",54
"40",,125.193800738197,32.1509910735937,"41",54
"41",,125.195230708485,32.152140657551,"42",54
"42",,125.196485437316,32.1512223923168,"43",54
"43",,125.192553019023,32.149757373737,"44",54
"44",,125.195377911309,32.1497713930536,"45",54
"45",,125.193919902387,32.14856573183,"46",54
"46",,125.196548524241,32.1486358284128,"47",54
"47",,125.195405949942,32.1478857949772,"48",54
"48",,125.196534504924,32.1468764041854,"49",54
"49",,125.195360387163,32.1459616437803,"50",54
"50",,125.194007523116,32.1468588800397,"51",54
"51",,125.192507456245,32.1476579810832,"52",54
"52",,125.19655202907,32.1448471081143,"53",54
"53",,125.194063600382,32.1449031853805,"54",54
"54",,125.192577552827,32.1458284602731,"55",54
"55",,125.192759803943,32.1437325724484,"56",54
"56",,125.195507589987,32.1437816400563,"57",54
"57",,125.196545019412,32.1426671043903,"58",54
"58",,125.194168745256,32.1426811237069,"59",54
"59",,125.195444503062,32.1415455590661,"60",54
"60",,125.192815881209,32.1416507039403,"61",54
"61",,125.191000379715,32.1487514877743,"62",54
"62",,125.18955639011,32.1497538689079,"63",53
"63",,125.186843652357,32.1497678882244,"64",53
"64",,125.188210535721,32.1486323235836,"65",53
"65",,125.189647515668,32.1477350873243,"66",53
"66",,125.19097935074,32.146739715849,"67",54
"67",,125.191189640489,32.1448190694812,"68",54
"68",,125.191343852971,32.1428283265307,"69",54
"69",,125.189850795758,32.1439428621967,"70",54
"70",,125.188469893077,32.1429404810631,"71",54
"71",,125.187131048346,32.1417908971058,"72",53
"72",,125.187004874498,32.1439568815132,"73",53
"73",,125.188392786836,32.1449452433302,"74",53
"74",,125.189682563959,32.1458354699313,"75",54
"75",,125.188287641962,32.1467327061907,"76",53
"76",,125.186976835864,32.1459616437803,"77",53
"77",,125.186878700649,32.1477561162991,"78",53
"78",,125.185637991134,32.1486813911916,"79",53
"79",,125.184411300935,32.1497608785662,"80",53
"80",,125.184348214011,32.1477771452739,"81",53
"81",,125.185708087716,32.1468448607231,"82",53
"82",,125.18463561,32.1458915471975,"83",53
"83",,125.185904358148,32.144966272305,"84",53
"84",,125.184656638975,32.1440480070708,"85",53
"85",,125.185911367806,32.1429895486711,"86",53
"86",,125.184460368543,32.1419170709548,"87",53
"87",,125.1830479224,32.1487865360657,"88",53
"88",,125.181884319127,32.1497959268575,"89",53
"89",,125.17922765864,32.1498309751489,"90",52
"90",,125.180664638586,32.1487795264075,"91",53
"91",,125.18191235776,32.1478682708315,"92",53
"92",,125.183153067275,32.1467537351655,"93",53
"93",,125.181036150475,32.1467607448238,"94",52
"94",,125.179374861464,32.1477210680077,"95",52
"95",,125.177888813909,32.1486884008499,"96",52
"96",,125.176669133369,32.1497538689079,"97",52
"97",,125.175246172739,32.1487444781161,"98",52
"98",,125.176627075419,32.1477210680077,"99",52
"99",,125.177832736643,32.1469009379894,"100",52
"100",,125.179311774539,32.1460317403631,"101",52
"101",,125.180566503371,32.1450573978626,"102",52
"102",,125.181975444684,32.1457373347154,"103",53
"103",,125.183139047958,32.1449382336719,"104",53
"104",,125.181575894162,32.1441741809198,"105",51
"105",,125.18308998035,32.1431017032035,"106",53
"106",,125.181744125961,32.1420712834368,"107",52
"107",,125.180398271572,32.1431367514949,"108",52
"108",,125.1789823206,32.1441882002364,"109",52
"109",,125.177706562794,32.1450433785461,"110",52
"110",,125.176507911228,32.1459125761724,"111",52
"111",,125.175211124447,32.1468028027735,"112",52
"112",,125.175298745176,32.1450854364957,"113",52
"113",,125.176434309817,32.1442512871608,"114",52
"114",,125.177752125573,32.1433190026101,"115",52
"115",,125.178999844746,32.1421413800196,"116",52
"116",,125.176322155284,32.1426180367824,"117",51
"117",,125.177464729583,32.1416366846237,"118",51
"118",,125.173952890787,32.149781907541,"119",52
"119",,125.174044016344,32.1478262128819,"120",52
"120",,125.172628065372,32.148842613332,"121",52
"121",,125.171198095084,32.1496136757424,"122",52
"122",,125.171275201325,32.1478332225401,"123",52
"123",,125.170062530443,32.1486884008499,"124",52
"124",,125.168849859561,32.1496977916417,"125",52
"125",,125.168955004436,32.1475738651839,"126",52
"126",,125.167833459111,32.1486112946088,"127",52
"127",,125.167700275604,32.1465434454173,"128",51
"128",,125.168835840245,32.1459265954889,"129",51
"129",,125.167679246629,32.1449382336719,"130",51
"130",,125.169985424202,32.1468448607231,"131",52
"131",,125.171198095084,32.1460317403631,"132",52
"132",,125.170132627026,32.1449592626468,"133",51
"133",,125.172586007423,32.1469780442304,"134",52
"134",,125.17377764933,32.1460317403631,"135",52
"135",,125.172417775624,32.145092446154,"136",52
"136",,125.174198228826,32.1446928956323,"137",51
"137",,125.174857136704,32.1433470412432,"138",51
"138",,125.173385108466,32.1438727656139,"139",52
"139",,125.171387355858,32.144153151945,"140",51
"140",,125.168891917511,32.1440760457039,"141",51
"141",,125.16759513073,32.1431717997863,"142",51
"142",,125.169943366253,32.1431297418366,"143",51
"143",,125.168723685712,32.1423166214765,"144",51
"144",,125.171219124059,32.1422044669441,"145",51
"145",,125.172424785282,32.1431858191028,"146",51
"146",,125.173945881128,32.1424007373759,"147",51
"147",,125.166508633697,32.1497959268576,"148",52
"148",,125.164104320908,32.1497468592496,"149",51
"149",,125.161300457598,32.1497048013,"150",51
"150",,125.160305086122,32.1487024201664,"151",51
"151",,125.162772485836,32.1487024201664,"152",51
"152",,125.165429146322,32.1487234491413,"153",51
"153",,125.161419621788,32.1477420969826,"154",51
"154",,125.164132359541,32.1476720003998,"155",51
"155",,125.166522653014,32.1475598458674,"156",51
"156",,125.165366059398,32.1467467255073,"157",51
"157",,125.162786505152,32.1466485902914,"158",51
"158",,125.160263028173,32.1465855033669,"159",51
"159",,125.161433641105,32.1459265954889,"160",51
"160",,125.164006185692,32.1456672381327,"161",51
"161",,125.166445546773,32.1458144409565,"162",51
"162",,125.160375182705,32.1450433785461,"163",51
"163",,125.162695379595,32.1449522529885,"164",51
"164",,125.165260914524,32.1449242143554,"165",51
"165",,125.166571720622,32.1440690360457,"166",51
"166",,125.163943098768,32.1438867849305,"167",51
"167",,125.161559814954,32.1440480070708,"168",51
"168",,125.160227979881,32.1441952098947,"169",50
"169",,125.160571453137,32.1435222827001,"170",51
"170",,125.162681360278,32.1434031185094,"171",51
"171",,125.165260914524,32.1432138577359,"172",51
"172",,125.166256285999,32.1422465248938,"173",51
"173",,125.16409731125,32.1423937277176,"174",51
"174",,125.163557567563,32.1427161719983,"175",50
"175",,125.160191094075,32.1425009428696,"176",50
"176",,125.162001654307,32.1425691051372,"177",50
"177",,125.163514004618,32.1417639383516,"178",50
"178",,125.161175186813,32.1414231270138,"179",50
"179",,125.160114411524,32.1404603349845,"180",50
"180",,125.162291343944,32.1406605616454,"181",50
"181",,125.161264649789,32.1395827457896,"182",50
"182",,125.163590687169,32.139638127632,"183",50
"183",,125.164613121183,32.1407628050468,"184",50
"184",,125.16591672455,32.1413549647462,"185",50
"185",,125.165776139873,32.1397062898996,"186",50
"186",,125.164689803734,32.1385645719179,"187",50
"187",,125.162402107629,32.138700896453,"188",50
"188",,125.160118671665,32.1385645719179,"189",50
"189",,125.161115544829,32.137533617621,"190",50
"190",,125.163535305327,32.1375591784713,"191",50
"191",,125.16604026866,32.1376443813058,"192",50
"192",,125.160101631099,32.1365708255916,"193",50
"193",,125.162240222243,32.1365452647413,"194",50
"194",,125.164864469545,32.1365878661585,"195",50
"195",,125.166151032345,32.1357102769637,"196",50
"196",,125.163586427028,32.1356676755464,"197",50
"197",,125.160885497176,32.1356165538458,"198",49
"198",,125.160118671665,32.134645241533,"199",50
"199",,125.162444709046,32.1347815660681,"200",50
"200",,125.164855949261,32.1346367212495,"201",50
"201",,125.165742058739,32.1335716858189,"202",50
"202",,125.16354382561,32.1336909697871,"203",50
"203",,125.161302991064,32.1338017334719,"204",50
"204",,125.167539838546,32.1413081031873,"205",51
"205",,125.169729551392,32.1414273871555,"206",51
"206",,125.172481602945,32.1411717786522,"207",51
"207",,125.173734084611,32.1413336640376,"208",51
"208",,125.174730957774,32.141112136668,"209",50
"209",,125.174262342185,32.1401919460559,"210",50
"210",,125.172967259101,32.1400556215208,"211",51
"211",,125.170879789657,32.1406435210785,"212",51
"212",,125.167088263524,32.1404816356931,"213",50
"213",,125.169482463172,32.1402345474732,"214",50
"214",,125.171646615167,32.1400556215208,"215",50
"215",,125.168357785757,32.1395699653644,"216",50
"216",,125.167147905508,32.1386753356027,"217",50
"217",,125.170607140587,32.1394677219631,"218",50
"218",,125.172813893999,32.1392802757273,"219",50
"219",,125.169414300904,32.1384538082331,"220",50
"220",,125.17160401375,32.1385901327682,"221",50
"221",,125.168425948025,32.1376358610223,"222",50
"222",,125.167292750326,32.136673068993,"223",50
"223",,125.169397260337,32.1365282241744,"224",50
"224",,125.16806809612,32.1357443580974,"225",50
"225",,125.166909337571,32.1342788693448,"226",49
"226",,125.168826401347,32.1340573419752,"227",48
"227",,125.169226854669,32.1350116137211,"228",48
"228",,125.170334491516,32.1336909697871,"229",45
"229",,125.170939431641,32.134645241533,"230",48
"230",,125.171936304804,32.1337335712043,"231",50
"231",,125.173291029872,32.1335716858189,"232",45
"232",,125.173563678942,32.1345429981316,"233",45
"233",,125.17214931189,32.1353098236417,"234",47
"234",,125.170734944838,32.1358636420657,"235",49
"235",,125.171672176017,32.1366645487095,"236",50
"236",,125.170385613217,32.1375421379044,"237",50
"237",,125.17190222367,32.1377892261243,"238",49
"238",,125.175105850246,32.1335376046851,"239",51
"239",,125.175259215348,32.1346878429502,"240",51
"240",,125.173938571414,32.1355228307279,"241",45
"241",,125.173214347321,32.1364004199227,"242",46
"242",,125.174134537933,32.1369201572129,"243",49
"243",,125.175148451663,32.1362385345373,"244",49
"244",,125.174986566278,32.1370650020315,"245",51
"245",,125.173376232707,32.1373972930858,"246",51
"246",,125.172788333149,32.1382152402966,"247",51
"247",,125.174253821901,32.1381044766118,"248",51
"248",,125.17417713935,32.1392291540266,"249",49
"249",,125.17494396486,32.139007626657,"250",51
"250",,125.175898236606,32.1416744753754,"251",49
"251",,125.176077162559,32.1404816356931,"252",48
"252",,125.177704536697,32.1410780555343,"253",49
"253",,125.17944267452,32.1414614682893,"254",50
"254",,125.180294702864,32.1407798456137,"255",52
"255",,125.181623867082,32.1396125667817,"256",53
"256",,125.183097876118,32.1406861224958,"257",53
"257",,125.178215753703,32.1402430677566,"258",48
"258",,125.177227400824,32.1398766955685,"259",49
"259",,125.175651148386,32.1396807290492,"260",47
"260",,125.179170025449,32.1397233304664,"261",53
"261",,125.17664802155,32.139160991759,"262",52
"262",,125.177806780098,32.1389139035391,"263",48
"263",,125.175983439441,32.1383600851152,"264",52
"264",,125.176801386652,32.1377892261243,"265",52
"265",,125.178028307468,32.1384282473827,"266",53
"266",,125.175804513488,32.1378147869747,"267",49
"267",,125.177653414996,32.1377892261243,"268",47
"268",,125.176460575314,32.1370138803308,"269",48
"269",,125.17640093333,32.1356932363968,"270",52
"270",,125.176861028636,32.1345174372813,"271",50
"271",,125.176383892763,32.1337591320546,"272",46
"272",,125.177815300382,32.1346282009661,"273",52
"273",,125.178556565041,32.1336739292202,"274",44
"274",,125.179587519338,32.134321470762,"275",53
"275",,125.179076302331,32.1356932363968,"276",54
"276",,125.178062388601,32.1366219472923,"277",54
"277",,125.179263748567,32.1376188204554,"278",55
"278",,125.1804821491,32.1385730922013,"279",53
"279",,125.183387565755,32.1383856459655,"280",54
"280",,125.181879475585,32.1374313742196,"281",55
"281",,125.180524750517,32.1365878661585,"282",55
"282",,125.182007279837,32.1360255274511,"283",54
"283",,125.183327923771,32.1363748590724,"284",56
"284",,125.180661075052,32.1353268642086,"285",52
"285",,125.181930597286,32.1353098236417,"286",46
"286",,125.183379045471,32.1351649788231,"287",53
"287",,125.183097876118,32.1348156472019,"288",43
"288",,125.181896516152,32.1345089169978,"289",42
"289",,125.180916683556,32.1337591320546,"290",44
"290",,125.186011813056,32.1406307406534,"291",53
"291",,125.188550857523,32.140451814701,"292",54
"292",,125.189931143441,32.1417809789185,"293",54
"293",,125.191354030776,32.1405966595196,"294",54
"294",,125.189905582591,32.139284535869,"295",54
"295",,125.187170571605,32.1394123401207,"296",54
"296",,125.184631527138,32.1394549415379,"297",53
"297",,125.185935130505,32.1382109801549,"298",54
"298",,125.18837193157,32.1383217438397,"299",54
"299",,125.191473314745,32.1384495480913,"300",54
"300",,125.18481045309,32.1373248706766,"301",55
"301",,125.187187612171,32.1371970664249,"302",54
"302",,125.18982890004,32.1373078301097,"303",54
"303",,125.191405152477,32.1362939163797,"304",54
"304",,125.188499735822,32.1362001932618,"305",54
"305",,125.18582436682,32.136242794679,"306",55
"306",,125.184776371956,32.135228880949,"307",55
"307",,125.187323936707,32.1351862795318,"308",54
"308",,125.190016346275,32.135382246051,"309",54
"309",,125.191396632194,32.1343512917541,"310",54
"310",,125.188755344325,32.1342575686362,"311",54
"311",,125.18577324512,32.1340871629673,"312",55
"312",,125.183941384179,32.1341297643845,"313",54
"313",,125.183736897376,32.1336867096454,"314",49
"314",,125.190212312795,32.1333970200082,"315",54
"315",,125.194114602613,32.1404603349845,"316",54
"316",,125.196406558859,32.1404603349845,"317",54
"317",,125.195426726263,32.1393015764359,"318",54
"318",,125.192785438395,32.1393186170028,"319",54
"319",,125.19388455496,32.1383643452569,"320",54
"320",,125.19643211971,32.1383217438397,"321",54
"321",,125.195298922012,32.1373248706766,"322",54
"322",,125.192725796411,32.1373674720938,"323",54
"323",,125.194063480912,32.136396159781,"324",54
"324",,125.196517322544,32.1364302409148,"325",54
"325",,125.192802478962,32.1353992866179,"326",54
"326",,125.195392645129,32.1352459215159,"327",53
"327",,125.196500281977,32.1343342511872,"328",54
"328",,125.194037920062,32.134368332321,"329",54
"329",,125.195290401728,32.133431101142,"330",54
"330",,125.196517322544,32.1322553020265,"331",54
"331",,125.194106082329,32.1322553020265,"332",54
"332",,125.192828039812,32.1332266143393,"333",54
"333",,125.195460807397,32.1310880231945,"334",54
"334",,125.19648324141,32.1300229877638,"335",54
"335",,125.192555390742,32.1310795029111,"336",54
"336",,125.194097562046,32.129835541528,"337",54
"337",,125.195256320594,32.1284126541927,"338",52
"338",,125.192606512443,32.1287619858139,"339",55
"339",,125.196466200844,32.1273135376282,"340",53
"340",,125.193961237511,32.1274498621633,"341",54
"341",,125.19519667861,32.1265381918347,"342",54
"342",,125.196278754608,32.1253709130026,"343",54
"343",,125.193918636093,32.1255924403722,"344",54
"344",,125.192708755844,32.1265296715512,"345",55
"345",,125.191405152477,32.1322382614596,"346",54
"346",,125.18884054716,32.1323234642941,"347",54
"347",,125.187221693305,32.1332436549062,"348",55
"348",,125.184588925721,32.1330817695207,"349",55
"349",,125.183617613408,32.1329965666863,"350",45
"350",,125.186148137591,32.132187139759,"351",55
"351",,125.183873221911,32.1319911732397,"352",48
"352",,125.183932863895,32.1308238944077,"353",36
"353",,125.185049021027,32.1310539420607,"354",53
"354",,125.187400619258,32.1310283812104,"355",55
"355",,125.190220833078,32.130926137809,"356",55
"356",,125.191328469926,32.1297929401108,"357",54
"357",,125.188755344325,32.1297929401108,"358",54
"358",,125.18604589419,32.1300315080473,"359",53
"359",,125.184256634666,32.1298099806777,"360",50
"360",,125.185185345562,32.1292476419703,"361",51
"361",,125.184086228997,32.1288131075146,"362",42
"362",,125.187349497557,32.1288471886484,"363",52
"363",,125.189922623157,32.1286853032629,"364",52
"364",,125.19138811191,32.1275861866984,"365",55
"365",,125.189027993396,32.1283104107913,"366",49
"366",,125.189636128627,32.127920075306,"367",48
"367",,125.183335379019,32.1285633567061,"368",25.5
"368",,125.184924411881,32.1281330823921,"369",45
"369",,125.183322598594,32.1281543831007,"370",31
"370",,125.186159852981,32.1280947411166,"371",44
"371",,125.188017274772,32.1279839774318,"372",47
"372",,125.190258109318,32.1266036915137,"373",55
"373",,125.191485030134,32.1257431428857,"374",55
"374",,125.189005627652,32.125845386287,"375",56
"375",,125.188971546518,32.1274727604251,"376",56
"376",,125.183961619852,32.1274727604251,"377",46
"377",,125.18531634492,32.1272427127721,"378",42
"378",,125.186636988854,32.1272001113548,"379",43
"379",,125.18788947052,32.1267400160488,"380",56
"380",,125.184293910906,32.1265781306633,"381",40
"381",,125.18358672738,32.1256068183506,"382",40
"382",,125.185231142085,32.1257346226022,"383",47
"383",,125.186057609579,32.1265951712302,"384",54
"384",,125.186943719058,32.1258113051532,"385",56
"385",,125.190155865917,32.1250189187928,"386",55
"386",,125.188059876189,32.1250018782259,"387",56
"387",,125.185972406745,32.1249422362418,"388",56
"388",,125.184643242528,32.1248996348246,"389",42
"389",,125.183115677424,32.1323175558832,"390",46
"390",,125.182344794636,32.1331939278948,"391",44
"391",,125.179877969715,32.1330559804485,"392",38
"392",,125.176972958788,32.1331371260051,"393",48
"393",,125.17571520266,32.1324636178852,"394",46
"394",,125.178336204139,32.1328450020013,"395",42
"395",,125.179123316038,32.1323256704389,"396",32
"396",,125.180811143616,32.1326177944427,"397",36
"397",,125.181622599182,32.1320497755464,"398",37
"398",,125.180421644944,32.1324149305512,"399",26
"399",,125.177216395458,32.132082233769,"400",44
"400",,125.178157683915,32.1316521623189,"401",38
"401",,125.176583460116,32.1314087256491,"402",34
"402",,125.17509849643,32.1310516851999,"403",46
"403",,125.180770570838,32.1317576515425,"404",25
"404",,125.179610189378,32.1316359332076,"405",22.5
"405",,125.182799209753,32.1313438092038,"406",36
"406",,125.182117587078,32.1306540719725,"407",42
"407",,125.181257444178,32.1312951218698,"408",32
"408",,125.180502790501,32.1312707782028,"409",22
"409",,125.179902313382,32.1313843819821,"410",19.2
"410",,125.17883930659,32.1313113509811,"411",27
"411",,125.177476061239,32.1306621865281,"412",32
"412",,125.176202076,32.1301671986327,"413",43
"413",,125.179545272933,32.1307595611961,"414",17.4
"414",,125.180007802606,32.1304430935253,"415",19.5
"415",,125.180689425281,32.1305891555272,"416",27.5
"416",,125.183318541316,32.1302402296337,"417",44
"417",,125.182101357966,32.1297614708496,"418",35
"418",,125.181314246067,32.1299237619629,"419",26.5
"419",,125.180194437386,32.1299318765185,"420",22.5
"420",,125.178985368592,32.1304755517479,"421",24
"421",,125.178011621913,32.1301103967431,"422",28.5
"422",,125.175682744438,32.1291934519533,"423",42
"423",,125.177183937235,32.1293232848439,"424",35
"424",,125.177816872577,32.1294855759571,"425",23
"425",,125.179058399593,32.1298345018506,"426",17.5
"426",,125.180624508836,32.1295504924024,"427",24
"427",,125.182361023748,32.1292827120656,"428",28.5
"428",,125.183050760979,32.1292177956203,"429",38
"429",,125.182799209753,32.1286660058352,"430",17.7
"430",,125.182166274412,32.1288607551711,"431",15.3
"431",,125.181241215066,32.1291934519533,"432",14.9
"432",,125.180502790501,32.1290717336183,"433",17
"433",,125.179545272933,32.1293800867335,"434",12.4
"434",,125.178563411698,32.1292908266212,"435",11.9
"435",,125.179407325487,32.1289094425051,"436",15.6
"436",,125.179983458939,32.1289013279494,"437",5.6
"437",,125.181703744739,32.1286254330569,"438",12.3
"438",,125.182669376863,32.1283333090531,"439",27
"439",,125.182190618079,32.1279762686039,"440",38
"440",,125.181541453626,32.1282359343851,"441",28.5
"441",,125.181070809397,32.128430683721,"442",8.6
"442",,125.180024031717,32.128552402056,"443",5.8
"443",,125.179496585599,32.1286254330569,"444",7.4
"444",,125.178969139481,32.1286660058352,"445",9.5
"445",,125.178417349696,32.1288039532815,"446",10.6
"446",,125.177516634017,32.1286741203909,"447",24.5
"447",,125.17816579847,32.1282765071634,"448",30
"448",,125.178668900921,32.1283414236087,"449",9.3
"449",,125.179301836263,32.1281142160502,"450",13.1
"450",,125.178928566702,32.1280168413822,"451",28.5
"451",,125.180024031717,32.127903237603,"452",25.5
"452",,125.180340499388,32.1281791324955,"453",14.2
"453",,125.180892289173,32.1280736432719,"454",24.5
"454",,125.176307565224,32.1280898723832,"455",41
"455",,125.175447422323,32.1275543117095,"456",43
"456",,125.177589665018,32.1275624262652,"457",39
"457",,125.179001597703,32.1275867699322,"458",38
"458",,125.182831667976,32.1270593238141,"459",44
"459",,125.181273673289,32.127278416817,"460",38
"460",,125.179861740604,32.1271891567047,"461",44
"461",,125.182141930745,32.126053118912,"462",38
"462",,125.180656967058,32.1262478682479,"463",42
"463",,125.178782504701,32.1265075340291,"464",46
"464",,125.176502314559,32.1266454814753,"465",45
"465",,125.175390620434,32.1259232860214,"466",49
"466",,125.177646466908,32.1259476296884,"467",48
"467",,125.176429283558,32.1252254342344,"468",46
"468",,125.179650762156,32.1255743601279,"469",42
"469",,125.181728088406,32.1252092051231,"470",39
"470",,125.1744817902,32.1329342621136,"471",50
"471",,125.1736946783,32.1322607539936,"472",51
"472",,125.174562935756,32.1320741192134,"473",50
"473",,125.172534296841,32.1326908254437,"474",49
"474",,125.170562459815,32.132731398222,"475",44
"475",,125.169191099908,32.1327719710003,"476",49
"476",,125.167754823555,32.133307531674,"477",46
"477",,125.166789191432,32.1327232836663,"478",50
"478",,125.167803510889,32.1319280572114,"479",46
"479",,125.169637400469,32.1318225679878,"480",45
"480",,125.17148751916,32.1319037135445,"481",50
"481",,125.166797305987,32.1307271029734,"482",49
"482",,125.168679882901,32.130905623198,"483",47
"483",,125.171179166045,32.1310922579782,"484",52
"484",,125.172858879067,32.1311409453122,"485",52
"485",,125.174579164867,32.1301347404101,"486",48
"486",,125.173183461294,32.13037817708,"487",51
"487",,125.172079881723,32.1303700625243,"488",52
"488",,125.170676063594,32.13037817708,"489",51
"489",,125.169540025801,32.1305648118602,"490",46
"490",,125.168679882901,32.1298994182959,"491",49
"491",,125.167454584996,32.1298994182959,"492",49
"492",,125.170302794033,32.129729012627,"493",49
"493",,125.170708521817,32.1292340247316,"494",47
"494",,125.172144798169,32.1294125449561,"495",52
"495",,125.166789191432,32.1291447646193,"496",52
"496",,125.167852198223,32.1291447646193,"497",50
"497",,125.169410192911,32.129104191841,"498",48
"498",,125.171593008384,32.1287390368362,"499",48
"499",,125.172883222734,32.1286578912796,"500",48
"500",,125.17461162309,32.128552402056,"501",45
"501",,125.173792052968,32.1275137389312,"502",47
"502",,125.172615442397,32.1276841446001,"503",47
"503",,125.171373915381,32.1280574141606,"504",49
"504",,125.170026899141,32.1283982254984,"505",50
"505",,125.168614966456,32.1284956001663,"506",49
"506",,125.167803510889,32.1282359343851,"507",52
"507",,125.167048857213,32.1271729275934,"508",52
"508",,125.169101839795,32.12725407315,"509",52
"509",,125.168257926007,32.1261991809139,"510",52
"510",,125.166992055323,32.1252497779014,"511",52
"511",,125.170108044698,32.1261748372469,"512",52
"512",,125.169215443575,32.1252822361241,"513",52
"513",,125.170310908589,32.1274082497076,"514",50
"514",,125.171203509712,32.126702283365,"515",49
"515",,125.172931910068,32.1266373669197,"516",50
"516",,125.174749570536,32.126702283365,"517",48
"517",,125.17307797207,32.1258259113534,"518",47
"518",,125.174360071865,32.1252416633458,"519",43
"519",,125.171455060937,32.1257528803525,"520",50
"520",,125.172193485503,32.1249982266759,"521",49
"521",,125.160127141233,32.1327151691107,"522",50
"522",,125.162496591486,32.1326259089984,"523",50
"523",,125.164874156295,32.1325366488861,"524",50
"524",,125.166042652311,32.1316846205416,"525",48
"525",,125.163583941945,32.1317008496529,"526",50
"526",,125.161352439138,32.1316440477633,"527",50
"527",,125.162431675041,32.1305972700828,"528",50
"528",,125.160110912122,32.1305242390819,"529",50
"529",,125.164582032292,32.1307920194187,"530",50
"530",,125.165709955529,32.1298101581836,"531",51
"531",,125.161344324582,32.129631637959,"532",50
"532",,125.160127141233,32.1288201823928,"533",50
"533",,125.162585851599,32.1286173185013,"534",50
"534",,125.163616400168,32.1295504924024,"535",50
"535",,125.164841698073,32.1287065786135,"536",51
"536",,125.165961506754,32.1280736432719,"537",51
"537",,125.164841698073,32.1270106364801,"538",51
"538",,125.163600171056,32.127830206602,"539",50
"539",,125.162407331374,32.1270593238141,"540",50
"540",,125.161336210027,32.1279438103813,"541",50
"541",,125.160256974124,32.1269538345905,"542",50
"542",,125.161303751804,32.1260450043563,"543",50
"543",,125.160200172234,32.1251280595665,"544",50
"544",,125.162261269372,32.1251199450108,"545",50
"545",,125.163356734387,32.126101806246,"546",50
"546",,125.166034537755,32.1261180353573,"547",51
"547",,125.164573917736,32.1252254342344,"548",51
"548",,125.161425470139,32.1240163654408,"549",50
"549",,125.163210672385,32.1241624274427,"550",50
"550",,125.165904704865,32.1244383223352,"551",51
"551",,125.164728094293,32.1233590864321,"552",51
"552",,125.165945277643,32.1225232871989,"553",51
"553",,125.163843607726,32.1220932157488,"554",51
"554",,125.16510947841,32.1215251968525,"555",51
"555",,125.166359119982,32.1206325957296,"556",51
"556",,125.164224991842,32.1206163666183,"557",51
"557",,125.165369144191,32.1197724528294,"558",51
"558",,125.166310432648,32.1191395174878,"559",51
"559",,125.164306137399,32.1190664864868,"560",51
"560",,125.165344800524,32.1183929783668,"561",51
"561",,125.166310432648,32.117573408245,"562",51
"562",,125.164614490514,32.117524720911,"563",51
"563",,125.165555778971,32.1167132653447,"564",51
"564",,125.160622129128,32.1227910675358,"565",50
"565",,125.162520935153,32.1228884422037,"566",50
"566",,125.161547188474,32.1217605189667,"567",50
"567",,125.16254527882,32.1207867722872,"568",50
"568",,125.160597785461,32.1208354596212,"569",50
"569",,125.161709479587,32.119926629387,"570",50
"570",,125.163510910944,32.1200077749436,"571",50
"571",,125.160565327239,32.1192287776,"572",50
"572",,125.162821173713,32.1190583719311,"573",50
"573",,125.163632629279,32.1183037182546,"574",50
"574",,125.161709479587,32.1183442910329,"575",50
"575",,125.16278871549,32.1174679190213,"576",50
"576",,125.16058155635,32.1174435753544,"577",50
"577",,125.161612104919,32.1166564634551,"578",50
"578",,125.163632629279,32.1166726925664,"579",50
"579",,125.168111864005,32.1243734058899,"580",52
"580",,125.170237877588,32.1244383223352,"581",52
"581",,125.171195395156,32.1235376066567,"582",52
"582",,125.167056971769,32.1235213775454,"583",52
"583",,125.169182985352,32.1234970338784,"584",53
"584",,125.168290384229,32.1225314017546,"585",52
"585",,125.170205419366,32.1225557454216,"586",53
"586",,125.172225943725,32.1227586093131,"587",51
"587",,125.172858879067,32.1220120701922,"588",51
"588",,125.171203509712,32.1218092063006,"589",53
"589",,125.169304703687,32.121703717077,"590",53
"590",,125.16725983566,32.1216631442987,"591",52
"591",,125.173800167524,32.1210870108467,"592",51
"592",,125.172420693061,32.1211194690693,"593",53
"593",,125.170392054146,32.1209003760665,"594",53
"594",,125.168347186119,32.1207867722872,"595",52
"595",,125.167495157774,32.1198211401634,"596",52
"596",,125.169531911246,32.119999660388,"597",52
"597",,125.17148751916,32.1200321186106,"598",53
"598",,125.173280835962,32.1202187533908,"599",52
"599",,125.174441217421,32.1194478706029,"600",51
"600",,125.167462699552,32.1181576562526,"601",52
"601",,125.168428331675,32.1173137424638,"602",52
"602",,125.169556254913,32.1181576562526,"603",52
"603",,125.168590622789,32.1191557465991,"604",52
"604",,125.170530001592,32.1191314029321,"605",53
"605",,125.171666039385,32.1183118328102,"606",53
"606",,125.170676063594,32.1172407114628,"607",53
"607",,125.172785848066,32.1172407114628,"608",53
"608",,125.172518067729,32.1191395174878,"609",53
"609",,125.173645990966,32.1183280619215,"610",53
"610",,125.174846945204,32.1173380861307,"611",52
"611",,125.174757685092,32.1202512116135,"612",50
"612",,125.175130954653,32.1212898747383,"613",49
"613",,125.17461162309,32.1222555068621,"614",49
"614",,125.17345124163,32.1227667238688,"615",50
"615",,125.172656015176,32.123602523102,"616",50
"616",,125.173248377739,32.1244220932239,"617",49
"617",,125.174498019311,32.123578179435,"618",48
"618",,125.175252672987,32.1245194678918,"619",44
"619",,125.177411144794,32.1244220932239,"620",43
"620",,125.178603984476,32.124827821007,"621",38
"621",,125.18061639428,32.1244788951135,"622",38
"622",,125.182856011643,32.1245762697815,"623",39
"623",,125.181947181409,32.12369989777,"624",40
"624",,125.183018302756,32.1231318788736,"625",40
"625",,125.179780595047,32.123578179435,"626",36
"626",,125.178384891473,32.1234808047671,"627",39
"627",,125.17644551267,32.1236349813246,"628",43
"628",,125.175788233661,32.1227342656461,"629",46
"629",,125.177451717572,32.1227261510905,"630",44
"630",,125.179350523597,32.1224096834196,"631",42
"631",,125.180778685393,32.1227342656461,"632",39
"632",,125.182377252859,32.1222068195281,"633",40
"633",,125.181671286516,32.1216306860761,"634",53
"634",,125.183342884983,32.1210058652901,"635",55
"635",,125.176737636674,32.1219309246356,"636",47
"636",,125.178393006029,32.121728060744,"637",45
"637",,125.180153864607,32.1217848626337,"638",41
"638",,125.180973434729,32.1213953639619,"639",40
"639",,125.181809233963,32.1204459609494,"640",54
"640",,125.180299926609,32.1204621900607,"641",42
"641",,125.179439783709,32.121127583625,"642",44
"642",,125.177329999237,32.1209328342891,"643",47
"643",,125.176226419667,32.1204703046164,"644",48
"644",,125.175634057104,32.1194640997143,"645",50
"645",,125.177208280902,32.1194722142699,"646",48
"646",,125.178482266141,32.1202917843918,"647",47
"647",,125.179593960267,32.1195533598265,"648",45
"648",,125.181030236619,32.1198292547191,"649",42
"649",,125.18116006951,32.1192855794897,"650",54
"650",,125.183350999538,32.1193423813793,"651",54
"651",,125.181411620735,32.118173885364,"652",54
"652",,125.180015917161,32.118774362483,"653",54
"653",,125.178360547806,32.1188555080396,"654",47
"654",,125.175374391322,32.11879870615,"655",51
"655",,125.176526658226,32.1186445295924,"656",50
"656",,125.177378686571,32.1183280619215,"657",51
"657",,125.177727612464,32.1177519284695,"658",49
"658",,125.175942410219,32.1180197088064,"659",51
"659",,125.176826896786,32.1172163677958,"660",51
"660",,125.178303745916,32.1169810456816,"661",52
"661",,125.17913954515,32.1180115942507,"662",54
"662",,125.179529043821,32.1167051507891,"663",53
"663",,125.180510905057,32.1172163677958,"664",53
"664",,125.182555773083,32.1170865349052,"665",54
"665",,125.184438349997,32.1238297306605,"666",43
"666",,125.185639304235,32.1232941699868,"667",56
"667",,125.18705123692,32.124203000221,"668",56
"668",,125.189104219503,32.1241705419984,"669",56
"669",,125.191424982422,32.1241867711097,"670",55
"670",,125.190337631964,32.1232860554312,"671",55
"671",,125.191449326089,32.1222230486394,"672",55
"672",,125.189120448614,32.1222149340838,"673",55
"673",,125.187740974152,32.1230994206509,"674",56
"674",,125.186531905358,32.1219552683026,"675",55
"675",,125.184852192336,32.1219471537469,"676",55
"676",,125.183635008987,32.1222636214177,"677",54
"677",,125.184154340549,32.1228559839811,"678",37
"678",,125.185201118229,32.1205433356173,"679",54
"679",,125.187700401373,32.1210058652901,"680",55
"680",,125.190183455406,32.121224958293,"681",55
"681",,125.191376295088,32.119950973054,"682",55
"682",,125.188901355611,32.119950973054,"683",55
"683",,125.186856487584,32.1197562237181,"684",53
"684",,125.185339065676,32.1190421428198,"685",55
"685",,125.184097538659,32.118052167029,"686",54
"686",,125.185679877013,32.117476033577,"687",54
"687",,125.184146225993,32.1166402343438,"688",54
"688",,125.186945747697,32.1167051507891,"689",54
"689",,125.188073670934,32.1175896373563,"690",53
"690",,125.18686460214,32.1182631454763,"691",54
"691",,125.188057441822,32.1188311643726,"692",55
"692",,125.189858873179,32.1187905915943,"693",55
"693",,125.191360065977,32.1177438139139,"694",55
"694",,125.189948133292,32.116899900125,"695",54
"695",,125.192690853106,32.1248197064513,"696",55
"696",,125.195125219804,32.124827821007,"697",54
"697",,125.196512808822,32.1240001363294,"698",54
"698",,125.194143358569,32.1240407091078,"699",54
"699",,125.195246938139,32.1232049098745,"700",54
"700",,125.192650280327,32.1232779408755,"701",55
"701",,125.193989182012,32.1221905904168,"702",54
"702",,125.196561496156,32.1221419030828,"703",54
"703",,125.195311854584,32.1211438127363,"704",54
"704",,125.19268273855,32.1212168437373,"705",55
"705",,125.194102785791,32.120024004055,"706",54
"706",,125.196415434155,32.1199347439427,"707",54
"707",,125.195384885585,32.1188149352613,"708",54
"708",,125.192666509439,32.1189609972632,"709",55
"709",,125.196504694267,32.1178006158035,"710",54
"710",,125.193981067456,32.1177356993582,"711",54
"711",,125.195295625473,32.1167051507891,"712",54
"712",,125.192715196773,32.1167862963457,"713",54
"713",,125.196561496156,32.1158368933332,"714",53
"714",,125.193908036455,32.1158612370002,"715",54
"715",,125.192707082217,32.1148144593198,"716",54
"716",,125.195409229252,32.1147982302085,"717",53
"717",,125.196439777822,32.1137676816394,"718",53
"718",,125.194054098457,32.113824483529,"719",54
"719",,125.192885602441,32.1128101640712,"720",53
"720",,125.195474145698,32.1127127894033,"721",53
"721",,125.196520923378,32.1116092098332,"722",53
"722",,125.194297535127,32.1116741262785,"723",53
"723",,125.191733335537,32.1116741262785,"724",54
"724",,125.195514718476,32.1105543175971,"725",53
"725",,125.196545267045,32.1094345089157,"726",53
"726",,125.193137153667,32.1106273485981,"727",53
"727",,125.194321878794,32.109523769028,"728",53
"728",,125.195539062143,32.1084364185693,"729",53
"729",,125.19335624667,32.1084120749023,"730",53
"730",,125.191976772207,32.1093614779148,"731",53
"731",,125.191311378643,32.1157314041096,"732",54
"732",,125.190126653516,32.1148550320981,"733",54
"733",,125.188576773385,32.1156908313313,"734",54
"734",,125.187367704591,32.1149118339877,"735",54
"735",,125.185663647902,32.115625914886,"736",54
"736",,125.191506127979,32.1138082544177,"737",54
"737",,125.188901355611,32.113824483529,"738",54
"738",,125.186515676247,32.113800139862,"739",53
"739",,125.184560068332,32.1149280630991,"740",53
"740",,125.183748612766,32.1137920253063,"741",52
"741",,125.183286083093,32.1128994241835,"742",52
"742",,125.185355294787,32.1134187557459,"743",51
"743",,125.184446464553,32.1134187557459,"744",48
"744",,125.190491808521,32.1127290185146,"745",54
"745",,125.187757203263,32.112623529291,"746",54
"746",,125.185606846012,32.1123314052871,"747",52
"747",,125.184259829772,32.1115848661662,"748",54
"748",,125.186661738249,32.1115524079436,"749",54
"749",,125.189193479615,32.1116903553898,"750",54
"750",,125.190613526856,32.1105380884858,"751",53
"751",,125.190946223638,32.1084283040136,"752",53
"752",,125.189477489063,32.1094182798044,"753",54
"753",,125.188106129156,32.1105948903754,"754",53
"754",,125.185420211232,32.1102784227046,"755",54
"755",,125.186848373029,32.1093614779148,"756",53
"756",,125.1880249836,32.1084688767919,"757",53
"757",,125.184089424104,32.1097672056979,"758",53
"758",,125.185322836564,32.1084120749023,"759",53
"759",,125.183545748874,32.1086960843505,"760",53
"760",,125.181508995403,32.1164698286749,"761",53
"761",,125.182864126199,32.1158206642219,"762",53
"762",,125.182774866086,32.1146927409849,"763",53
"763",,125.18061639428,32.1163724540069,"764",45
"764",,125.181216871399,32.1159018097785,"765",45
"765",,125.182174388967,32.1153419054378,"766",46
"766",,125.180835487283,32.115074125101,"767",48
"767",,125.179877969715,32.1154555092171,"768",46
"768",,125.180794914505,32.114424960648,"769",53
"769",,125.17902594137,32.1158693515559,"770",52
"770",,125.178758161034,32.1162182774494,"771",47
"771",,125.177573435907,32.1164292558966,"772",50
"772",,125.175974868441,32.1164779432305,"773",53
"773",,125.17711902079,32.1157476332209,"774",51
"774",,125.175009236318,32.1155447693294,"775",53
"775",,125.176315679779,32.1145791372056,"776",53
"776",,125.178774390145,32.1144817625376,"777",54
"777",,125.178668900921,32.1154311655501,"778",48
"778",,125.175163412875,32.1134836721912,"779",53
"779",,125.177784414354,32.1135161304138,"780",51
"780",,125.17981305327,32.1133051519666,"781",52
"781",,125.180957205618,32.1135485886365,"782",49
"782",,125.181703744739,32.1135242449695,"783",52
"783",,125.182507085749,32.1139462018639,"784",47
"784",,125.182718064197,32.1126397584023,"785",48
"785",,125.181809233963,32.1122096869522,"786",52
"786",,125.181119496731,32.112623529291,"787",48
"787",,125.182344794636,32.1114956060539,"788",46
"788",,125.180965320174,32.1116741262785,"789",49
"789",,125.182985844534,32.1108788998236,"790",54
"790",,125.181752432073,32.1109275871576,"791",53
"791",,125.180876060061,32.110749066933,"792",48
"792",,125.179829282381,32.1105380884858,"793",50
"793",,125.180437874056,32.1102865372603,"794",54
"794",,125.178855535701,32.1123638635098,"795",53
"795",,125.176486085448,32.1124125508438,"796",53
"796",,125.177540977684,32.1113820022747,"797",53
"797",,125.175325703988,32.1113901168303,"798",53
"798",,125.179926657049,32.1113657731633,"799",52
"799",,125.176526658226,32.1104082555952,"800",53
"800",,125.178879879368,32.1104325992622,"801",51
"801",,125.17558536977,32.1092154159128,"802",53
"802",,125.17767892513,32.109621143696,"803",52
"803",,125.179285607152,32.1093695924704,"804",53
"804",,125.182028326965,32.1096454873629,"805",54
"805",,125.180648852503,32.1085500223485,"806",54
"806",,125.178498495252,32.1091667285789,"807",50
"807",,125.177451717572,32.1085256786816,"808",51
"808",,125.173832625747,32.1163805685626,"809",53
"809",,125.171657924829,32.1163318812286,"810",53
"810",,125.169604942247,32.116323766673,"811",52
"811",,125.170505657925,32.1153743636605,"812",52
"812",,125.172802077177,32.1154230509945,"813",53
"813",,125.174051718749,32.1144898770933,"814",53
"814",,125.171536206494,32.1144330752037,"815",52
"815",,125.169515682134,32.1143519296471,"816",52
"816",,125.170586803482,32.1133700684119,"817",52
"817",,125.172850764511,32.1133781829676,"818",52
"818",,125.174165322529,32.1124287799551,"819",53
"819",,125.171511862827,32.1123557489542,"820",52
"820",,125.172931910068,32.1113414294964,"821",52
"821",,125.170270335811,32.1113292576629,"822",52
"822",,125.17418155164,32.1103230527608,"823",53
"823",,125.174311384531,32.1084242467358,"824",52
"824",,125.172875108178,32.1093574206369,"825",52
"825",,125.17148751916,32.1103149382051,"826",52
"826",,125.171649810273,32.1084080176245,"827",52
"827",,125.170400168701,32.1092519314133,"828",51
"828",,125.169231672686,32.1084485904028,"829",51
"829",,125.167746709,32.10933307697,"830",51
"830",,125.169061267017,32.1104528856513,"831",51
"831",,125.167762938111,32.1115645797771,"832",51
"832",,125.169199214463,32.1125139827896,"833",52
"833",,125.16799014567,32.1133741256898,"834",51
"834",,125.166805420543,32.1144046742589,"835",51
"835",,125.16823358234,32.1154433373836,"836",52
"836",,125.167194919215,32.116611833399,"837",51
"837",,125.165774871974,32.1154271082723,"838",51
"838",,125.164387282956,32.1158490651667,"839",50
"839",,125.163064610383,32.1154514519393,"840",50
"840",,125.160224515901,32.1156543158308,"841",49
"841",,125.161539073918,32.1145994235947,"842",50
"842",,125.164022127951,32.114209924923,"843",50
"843",,125.165628809972,32.1134552712464,"844",51
"844",,125.160232630457,32.1132929801331,"845",49
"845",,125.162650768044,32.1134228130237,"846",50
"846",,125.164500886735,32.1127087321254,"847",50
"847",,125.166578212985,32.1125139827895,"848",51
"848",,125.163494681833,32.1121650568961,"849",50
"849",,125.161530959363,32.1124166081216,"850",46
"850",,125.165450289748,32.1116051525554,"851",51
"851",,125.166505181984,32.110412312873,"852",51
"852",,125.164216877287,32.1108586134344,"853",50
"853",,125.162342414929,32.111037133659,"854",50
"854",,125.160102797566,32.1111588519939,"855",50
"855",,125.161149575247,32.109836179421,"856",50
"856",,125.163235016052,32.10976314842,"857",50
"857",,125.165020218297,32.1095440554172,"858",50
"858",,125.16413573173,32.108635225183,"859",50
"859",,125.166537640206,32.1084648195141,"860",51
"860",,125.162090863703,32.1085946524047,"861",50
"861",,125.173966515915,32.143231633249,"862",50
"862",,125.175309474877,32.14407148976,"863",50
"863",,125.175410906823,32.1430733994135,"864",50
"864",,125.173167232182,32.142221371069,"865",50
"865",,125.183129877897,32.1310090837827,"866",30
"866",,125.178754103756,32.1139076577245,"867",50
"867",,125.180470332278,32.1285544306948,"868",4.6
